Model,Accuracy,Precision,Recall,F1-Score,ROC-AUC
Naive Bayes,0.9748878923766816,0.991869918699187,0.8187919463087249,0.8970588235294118,0.9852710269984856
Logistic Regression,0.9605381165919282,0.9906542056074766,0.7114093959731543,0.828125,0.9860838995650785
Random Forest,0.9838565022421525,1.0,0.8791946308724832,0.9357142857142857,0.9858059944141065
Svm,0.9847533632286996,0.9782608695652174,0.9060402684563759,0.9407665505226481,0.9882376644851114
