{
  "model_name": "svm",
  "test_size": 0.2,
  "random_state": 42,
  "metrics": {
    "accuracy": 0.9847533632286996,
    "precision": 0.9782608695652174,
    "recall": 0.9060402684563759,
    "f1_score": 0.9407665505226481,
    "roc_auc": 0.9882376644851114
  }
}