{"fpr": [0.0, 0.0, 0.0, 0.0, 0.0, 0.0, 0.0, 0.0, 0.0, 0.0, 0.0, 0.0, 0.0, 0.0, 0.0010351966873706005, 0.0010351966873706005, 0.0010351966873706005, 0.0010351966873706005, 0.002070393374741201, 0.002070393374741201, 0.003105590062111801, 0.003105590062111801, 0.004140786749482402, 0.004140786749482402, 0.006211180124223602, 0.006211180124223602, 0.007246376811594203, 0.007246376811594203, 0.008281573498964804, 0.008281573498964804, 0.015527950310559006, 0.015527950310559006, 0.019668737060041408, 0.019668737060041408, 0.024844720496894408, 0.024844720496894408, 0.026915113871635612, 0.026915113871635612, 0.054865424430641824, 0.054865424430641824, 0.09316770186335403, 0.09627329192546584, 0.09730848861283643, 0.09730848861283643, 0.12422360248447205, 0.12629399585921325, 0.15424430641821946, 0.18322981366459629, 0.19772256728778467, 0.20082815734989648, 0.2080745341614907, 0.2111801242236025, 0.2484472049689441, 0.2484472049689441, 0.2722567287784679, 0.27639751552795033, 0.35403726708074534, 0.35403726708074534, 0.43995859213250516, 0.4420289855072464, 0.4472049689440994, 0.4492753623188406, 0.6335403726708074, 0.6356107660455487, 0.6790890269151139, 0.6811594202898551, 0.7815734989648033, 0.7836438923395446, 0.8416149068322981, 0.8416149068322981, 0.865424430641822, 0.8695652173913043, 0.9399585921325052, 0.9420289855072463, 0.9461697722567288, 0.9492753623188406, 0.953416149068323, 0.9554865424430642, 0.9937888198757764, 0.9989648033126294, 1.0], "tpr": [0.0, 0.006711409395973154, 0.020134228187919462, 0.174496644295302, 0.18791946308724833, 0.2550335570469799, 0.2684563758389262, 0.37583892617449666, 0.3959731543624161, 0.5033557046979866, 0.5234899328859061, 0.6308724832214765, 0.6442953020134228, 0.7651006711409396, 0.7651006711409396, 0.7785234899328859, 0.7919463087248322, 0.8322147651006712, 0.8322147651006712, 0.8791946308724832, 0.8791946308724832, 0.9060402684563759, 0.9060402684563759, 0.912751677852349, 0.912751677852349, 0.9261744966442953, 0.9261744966442953, 0.9328859060402684, 0.9328859060402684, 0.9395973154362416, 0.9395973154362416, 0.9463087248322147, 0.9463087248322147, 0.9530201342281879, 0.9530201342281879, 0.959731543624161, 0.959731543624161, 0.9664429530201343, 0.9664429530201343, 0.9731543624161074, 0.9731543624161074, 0.9731543624161074, 0.9731543624161074, 0.9798657718120806, 0.9798657718120806, 0.9798657718120806, 0.9798657718120806, 0.9798657718120806, 0.9798657718120806, 0.9798657718120806, 0.9798657718120806, 0.9798657718120806, 0.9798657718120806, 0.9865771812080537, 0.9865771812080537, 0.9865771812080537, 0.9865771812080537, 0.9932885906040269, 0.9932885906040269, 0.9932885906040269, 0.9932885906040269, 0.9932885906040269, 0.9932885906040269, 0.9932885906040269, 0.9932885906040269, 0.9932885906040269, 0.9932885906040269, 0.9932885906040269, 0.9932885906040269, 1.0, 1.0, 1.0, 1.0, 1.0, 1.0, 1.0, 1.0, 1.0, 1.0, 1.0, 1.0], "auc": 0.9882376644851114}